{
  "split": "test",
  "accuracy": 0.6417024385788657,
  "precision": 0.4829391891891892,
  "recall": 0.7683418435904327,
  "f1": 0.593092002904263
}